run1, run2, run3
28.847995217999994, 28.42253124400031, 28.423884478000218